phrase,monthly_searches,low_cpc_sek,high_cpc_sek
empleos py,14800,0,0
bolsa de trabajo paraguay,8100,1.16,3.02
bolsa de trabajo en asuncion,1300,0.53,2.08
bolsa de empleo en paraguay,590,0,0
busco trabajo,590,0.14,4.41
computrabajo paraguay,590,0.49,2.18
bolsa de trabajo en py,390,0,0
bolsas de empleo,390,0.10,5.39
ofertas laborales en paraguay,390,0,0
busco trabajo en paraguay,320,0.77,2.88
oferta de trabajo en paraguay,260,2.98,16.25
busca empleo paraguay,210,0,0
jobs empleos,210,0.42,2.20
portal empleo,170,0,0
portales empleo,170,0,0
vacantes de trabajo en paraguay,170,0,0
oferta detrabajo,140,0.39,2.64
busco empleados,110,0.19,7.77
empleo personal,110,0,0
oferta laboral paraguay,110,0,0
buscar personal,90,1.28,4.62
oferta de empleo en paraguay,90,0,0
trabajos de medio tiempo para estudiantes paraguay,90,0.55,4.66
bolsa de trabajo paraguay medio tiempo,70,0,0
oferta de empleo,70,0,0
bolsa de trabajo para ingenieros en paraguay,50,0,0
empresas que necesiten personal para trabajar,50,0,0
necesito albañil urgente,50,0,0
portal de empleo,50,0,0
bolsa de empleo py,40,0,0
bolsa de trabajo caacupe,40,0,0
bolsa de trabajo concepción paraguay,40,0,0
bolsa de trabajo pedro juan caballero,40,0,0
busqueda de empleo,40,0,0
busqueda laboral,40,0,0
revistas empleo,40,0.31,2.17
abc clasificado empleo,30,0,0
abc clasificados empleo varios,30,0,0
bolsa de trabajo asuncion paraguay,30,0,0
bolsa de trabajo caaguazu,30,0,0
bolsa de trabajo para docentes en paraguay,30,0,0
bolsa trabajo paraguay,30,0,0
busqueda de empleo paraguay,30,0,0
busqueda de empleos paraguay,30,0,0
empleo arquitecto,30,0,0
empleos disponibles en paraguay,30,0,0
portales de,30,0,0
reclutamiento de personal,30,0,0
seleccion de personal,30,0,0
selección de personal,30,0,0
administrativa empleo,20,0,0
bolsa de trabajo paraguay 2023,20,0,0
bolsa empleo paraguay,20,0,0
buscador de empleo,20,0,0
buscando trabajo de chofer,20,0,0
busco personal,20,0,0
busco trabajo de limpieza,20,0,0
clasi empleos,20,0,0
clasificado empleo,20,0,0
clasificados abc color empleos,20,0,0
clasificados empleo,20,0,0
clasificadosempleo,20,0,0
empleo auxiliares administrativos,20,0,0
estoy buscando trabajo,20,0,0
eures empleo,20,0.64,3.64
necesito trabajo urgente,20,0.35,6.08
paginas para buscar trabajo en paraguay,20,0,0
portal de empleos paraguay,20,0,0
reclutamiento y seleccion de personal,20,0,0
se busca trabajo,20,0.42,4.37
seleccion de reclutamiento de personal,20,0,0
administracion de personal,10,0,0
agencias de reclutamiento de personal,10,0,0
agencias de reclutamiento y seleccion de personal,10,0,0
anunciar trabajo,10,0,0
anunciarse para trabajar,10,0,0
anuncio laboral,10,0,0
anuncio oferta de empleo,10,0,0
anuncio oferta de trabajo,10,0,0
anuncio para buscar personal,10,0,0
anuncio para ofrecer empleo,10,0,0
anuncios clasificados de empleos,10,0,0
anuncios de empleo,10,0,0
anuncios de trabajo,10,0,0
anuncios de vacantes,10,0,0
anuncios empleo,10,0,0
anuncios para buscar empleados,10,0,0
anuncios para contratar personal,10,0,0
anuncios para empleos,10,0,0
anuncios para ofrecer trabajo,10,0,0
anuncios para solicitar personal,10,0,0
anuncios trabajo,10,0,0
asistente administrativo empleo,10,0,0
avisos clasificados de trabajo,10,0,0
avisos clasificados empleos,10,0,0
avisos de empleo,10,0,0
avisos de trabajo,10,0,0
avisos empleos gratis,10,0,0
bolsa de trabajo publicar,10,0,0
busca de trabajo,10,0,0
buscador de empleados,10,0,0
buscar personal para trabajar,10,0,0
buscar trabajo en clasificados,10,0,0
busco auto para trabajar en uber,10,0,0
busco ayudante de cocina,10,0,0
busco camarero,10,0,0
busco cocinero,10,0,0
busco cocinero con experiencia,10,0,0
busco empleados para mi empresa,10,0,0
busco empleo desde casa,10,0,0
busco pega,10,0,0
busco personal de limpieza,10,0,0
busco señora para trabajar urgente,10,0,0
busco teletrabajo,10,0,0
busco trabajadores para mi empresa,10,0,0
busco trabajo como chofer,10,0,0
busco trabajo como conductor,10,0,0
busco trabajo de chofer clase b,10,0,0
busco trabajo de conductor,10,0,0
busco trabajo de construcción,10,0,0
busco trabajo de limpieza de casas,10,0,0
busco trabajo de niñera,10,0,0
busco trabajo de noche,10,0,0
busco trabajo de pintura,10,0,0
busco trabajo de repartidor,10,0,0
busco trabajo desde casa,10,0.19,2.15
busco trabajo en construcción urgente,10,0,0
busco trabajo en estados unidos,10,0,0
busco trabajo en fabrica,10,0,0
busco trabajo en fabrica de lunes a viernes,10,0,0
busco trabajo en linea,10,0,0
busco trabajo en new jersey,10,0,0
busco trabajo en restaurante,10,0,0
busco trabajo near me,10,0,0
busco trabajo online,10,1.38,6.50
busco trabajo para cuidar personas mayores,10,0,0
busco trabajo para cuidar personas mayores de noche,10,0,0
busco trabajo para hacer en casa,10,0,0
busco trabajo part time,10,0,0
busco trabajo sin experiencia,10,0,0
busco trabajo urgente,10,0,0
busqueda empleo,10,0,0
clasificado de empleos de hoy,10,0,0
clasificado para buscar trabajo,10,0,0
clasificados de empleo,10,0,0
clasificados de empleos,10,0,0
clasificados de hoy,10,0,0
clasificados de hoy trabajo,10,0,0
clasificados de trabajo,10,0,0
clasificados empleos hoy,10,0,0
clasificados trabajos,10,0,0
compuempleo,10,0,0
computrabajo empresas,10,0,0
computrabajo estados unidos,10,0,0
computrabajo para empresas,10,0,0
computrabajo para reclutadores,10,0,0
computrabajo publicar empleo,10,0,0
computrabajo publicar oferta,10,0,0
conserje empleo,10,0,0
consultora reclutamiento y seleccion de personal,10,0,0
consultoras de reclutamiento y seleccion,10,0,0
consultoras de seleccion de personal,10,0,0
contratacion de personal,10,0,0
contratar personal,10,0,0
crear anuncio de empleo en facebook,10,0,0
crear oferta de empleo,10,0,0
crear oferta de trabajo,10,0,0
empleo correos,10,0,0
empleos publicar,10,0,0
empleos urgentes,10,0,0
empresa de reclutamiento,10,0,0
empresa de reclutamiento y seleccion de personal,10,0,0
empresa para contratar personal,10,0,0
empresas de contratacion de personal,10,0,0
empresas de reclutamiento de personal,10,0,0
empresas de reclutamiento y seleccion,10,0,0
empresas de seleccion de personal,10,0,0
empresas para contratar personal,10,0,0
empresas para reclutar personal,10,0,0
empresas reclutamiento,10,0,0
encontrar personas,10,0,0
facebook publicar empleo,10,0,0
linkedin anuncios de empleo,10,0,0
linkedin ofertas de empleo,10,0,0
linkedin ofertas empleo,10,0,0
linkedin ofertas trabajo,10,0,0
linkedin publicar empleo,10,0,0
linkedin publicar empleo gratis,10,0,0
mil anuncios empleo,10,0,0
mil anuncios trabajo sin papeles,10,0,0
mil anuncios trabajos,10,0,0
milanuncios empleos,10,0,0
milanuncios oferta de trabajo,10,0,0
milanuncios trabajos,10,0,0
necesito personal,10,0,0
oferta de trabajo cerca de mi ubicación,10,0,0
oferta empleo,10,0,0
ofertas de empleo desde casa,10,0,0
ofertas de empleo en el extranjero,10,0,0
ofertas de empleo en estados unidos,10,0,0
ofertas de empleo linkedin,10,0,0
ofertas de empleo recientes,10,0,0
ofertas de empleo sin experiencia,10,0,0
ofertas personal,10,1.88,6.40
ofertas trabajo,10,0,0
ofrecer trabajo gratis,10,0,0
pagina para publicar trabajos,10,0,0
paginas busqueda empleo,10,0,0
paginas de busqueda de empleo,10,0,0
paginas de oferta de empleo,10,0,0
paginas de ofertas de empleo,10,0,0
paginas donde publicar empleos gratis,10,0,0
paginas para ofrecer trabajo,10,0,0
paginas para ofrecer trabajo gratis,10,0,0
paginas para publicar anuncios de trabajo gratis,10,0,0
paginas para publicar empleos gratis,10,0,0
paginas para publicar ofertas de trabajo,10,0,0
plataforma para publicar vacantes gratis,10,0,0
plataformas de busqueda de empleo,10,0,0
plataformas para publicar empleos,10,0,0
plataformas para publicar ofertas de empleo gratis,10,0,0
plataformas para publicar vacantes gratis,10,0,0
poner oferta de empleo,10,0,0
portal trabajo,10,0,0
portalempleo gob,10,0,0
portales de busqueda de empleo,10,0,0
portales de empleo para personas con discapacidad,10,0,0
portales de reclutamiento,10,0,0
portales de trabajo,10,0,0
publicacion de empleos,10,0,0
publicacion de trabajo gratis,10,0,0
publicacion de trabajos,10,0,0
publicar anuncios de trabajo gratis,10,0,0
publicar empleo,10,0,0
publicar empleo en facebook,10,0,0
publicar empleo en google,10,0,0
publicar empleo google,10,0,0
publicar empleos gratis,10,0,0
publicar en bolsa de trabajo,10,0,0
publicar en bolsa de trabajo gratis,10,0,0
publicar en computrabajo,10,0,0
publicar gratis vacantes,10,0,0
publicar nuevo empleo en linkedin,10,0,0
publicar nuevo puesto en linkedin,10,0,0
publicar oferta de empleo,10,0,0
publicar oferta de trabajo,10,0,0
publicar oferta trabajo gratis,10,0,0
publicar ofertas de empleo gratis,10,0,0
publicar trabajo,10,0,0
publicar trabajo en computrabajo,10,0,0
publicar trabajos gratis,10,0,0
publicar un anuncio de trabajo gratis,10,0,0
publicar un aviso gratis,10,0,0
publicar vacante,10,0,0
publicar vacante de empleo,10,0,0
publicar vacante en linkedin,10,0,0
publicar vacantes de empleo gratis,10,0,0
publicar vacantes en google,10,0,0
publicar vacantes gratis,10,0,0
reclutadora de personal,10,0,0
reclutamiento de personal en una empresa,10,0,0
reclutamiento externo,10,0,0
reclutamiento it,10,0,0
reclutamiento masivo,10,0,0
reclutamiento ti,10,0,0
reclutamiento y seleccion,10,0,0
reclutar personal,10,0,0
se busca camarero,10,0,0
se busca cocinero,10,0,0
se necesita personal,10,0,0
se necesita personal urgente,10,0,0
seleccion de personal recursos humanos,10,0,0
seleccion personal,10,0,0
servicio de reclutamiento,10,0,0
servicio de reclutamiento y seleccion de personal,10,0,0
servicio de seleccion de personal,10,0,0
servicios de reclutamiento y seleccion,10,0,0
techint busca personal,10,0,0
trabajo como asistente virtual,10,0,0
transita empleo,10,0,0
zonajobs empresas,10,0,0
anunciar un empleo gratis,0,0,0
anuncios de empleo gratis,0,0,0
anuncios empleo gratis,0,0,0
bolsa de empleo gratis para empresas,0,0,0
bolsa de trabajo para publicar gratis,0,0,0
bolsas de empleo gratis,0,0,0
busco camareros con experiencia,0,0,0
busco interna,0,0,0
busco interna para cuidar persona mayor,0,0,0
busco trabajo de chofer clase c,0,0,0
busco trabajo de chofer clase d,0,0,0
busco trabajo de hha privado,0,0,0
busco trabajo de landscaping,0,0,0
busco trabajo de roofing,0,0,0
busco trabajo en new york,0,0,0
busco trabajo en new york en español,0,0,0
busco trabajo en uber como conductor,0,0,0
busqueda de candidatos para empleo,0,0,0
crear anuncio de empleo gratis,0,0,0
crear oferta de empleo gratis,0,0,0
en donde publicar ofertas de empleo gratis,0,0,0
estoy buscando trabajo de lo que sea,0,0,0
fcc busca personal,0,0,0
inem ofertas de empleo,0,0,0
ofertar empleo gratis,0,0,0
ofertar empleos gratis,0,0,0
ofertar un empleo,0,0,0
ofertas teletrabajo desde casa,0,0,0
paginas para contratar personal,0,0,0
paginas para postular vacantes,0,0,0
paginas para publicar empleos,0,0,0
paginas para publicar ofertas de empleo gratis,0,0,0
paginas para publicar trabajo,0,0,0
paginas para publicar trabajos,0,0,0
paginas para publicar trabajos gratis,0,0,0
paginas para subir ofertas de empleo gratis,0,0,0
plataformas gratuitas para publicar empleos,0,0,0
plataformas para publicar empleos gratis,0,0,0
plataformas para publicar ofertas de empleo,0,0,0
poner anuncio de empleo gratis,0,0,0
portales de empleo gratuitos,0,0,0
portales para publicar empleos gratis,0,0,0
publicacion de empleos gratis,0,0,0
publicacion de ofertas laborales gratis,0,0,0
publicar anuncio de empleo,0,0,0
publicar anuncio de oferta de empleo gratis,0,0,0
publicar anuncio empleo,0,0,0
publicar anuncios de empleo gratis,0,0,0
publicar empleo en linkedin gratis,0,0,0
publicar empleos gratis republica dominicana,0,0,0
publicar oferta de trabajo gratis,0,0,0
publicar ofertas de empleo gratis computrabajo,0,0,0
publicar un anuncio de empleo,0,0,0
se necesita personal para trabajar en el aeropuerto,0,0,0
subir vacantes gratis,0,0,0
teletrabajo ofertas de empleo,0,0,0
